City_ID,City,Lat,Lng,Max Temp,Humidity,Cloudiness,Wind Speed,Country,Date
0,mina,26.0011,-100.5299,60.96,77,43,8.23,MX,1669342073
1,port blair,11.6667,92.75,78.82,77,100,7.96,IN,1669342073
2,esperance,-33.8667,121.9,65.77,72,69,9.73,AU,1669342073
3,narsaq,60.9167,-46.05,35.82,73,100,5.26,GL,1669342074
4,yellowknife,62.456,-114.3525,23.52,93,100,14.97,CA,1669341820
5,kapaa,22.0752,-159.319,80.58,69,75,26.46,US,1669342075
6,jiblah,13.9216,44.1467,55.35,75,0,4.21,YE,1669342075
7,qaqortoq,60.7167,-46.0333,27.45,71,100,4.92,GL,1669342076
8,bambous virieux,-20.3428,57.7575,76.21,76,70,13.76,MU,1669342076
9,vaini,-21.2,-175.2,82.56,78,75,5.75,TO,1669342077
10,atuona,-9.8,-139.0333,77.95,74,6,10.31,PF,1669342077
11,tasiilaq,65.6145,-37.6368,39.36,70,100,17.38,GL,1669342078
12,mudgee,-32.5943,149.5871,74.79,35,1,9.48,AU,1669341868
13,puerto ayora,-0.7393,-90.3518,68.56,94,69,4.0,EC,1669342079
14,quarai,-30.3875,-56.4514,69.8,54,0,6.67,BR,1669342079
15,brae,60.3964,-1.353,49.96,86,100,24.65,GB,1669342080
16,esmeraldas,-19.7625,-44.3139,65.26,91,6,2.91,BR,1669342080
17,nova kakhovka,46.7545,33.3486,48.92,93,100,6.49,UA,1669342081
18,aklavik,68.2191,-135.0107,-11.16,100,89,3.87,CA,1669342081
19,hobart,-42.8794,147.3294,58.26,80,100,11.5,AU,1669342009
20,ostrovnoy,68.0531,39.5131,25.45,85,10,20.69,RU,1669342082
21,arima,10.6333,-61.2833,75.74,94,100,2.82,TT,1669342076
22,rikitea,-23.1203,-134.9692,69.76,87,100,11.14,PF,1669342083
23,castro,-24.7911,-50.0119,58.59,96,89,8.5,BR,1669342084
24,cape town,-33.9258,18.4232,59.09,54,0,11.99,ZA,1669341961
25,ribeira grande,38.5167,-28.7,65.77,80,98,24.0,PT,1669342084
26,nikolskoye,59.7035,30.7861,19.29,91,68,5.01,RU,1669342085
27,erzincan,39.75,39.5,45.7,71,75,12.66,TR,1669342086
28,najran,17.4924,44.1277,57.56,54,0,2.59,SA,1669342086
29,ust-kuyga,70.0167,135.6,-29.42,97,100,5.46,RU,1669342087
30,mount gambier,-37.8333,140.7667,72.16,41,90,2.55,AU,1669342087
31,paamiut,61.994,-49.6678,24.37,59,100,10.02,GL,1669342088
32,port elizabeth,-33.918,25.5701,61.32,81,92,5.99,ZA,1669342089
33,provideniya,64.3833,-173.3,15.91,67,0,4.47,RU,1669342089
34,busselton,-33.65,115.3333,65.3,71,56,9.13,AU,1669342090
35,sao filipe,14.8961,-24.4956,75.16,61,0,10.8,CV,1669342090
36,visby,57.6409,18.296,35.06,93,100,5.75,SE,1669342091
37,vardo,70.3705,31.1107,26.58,86,100,18.41,NO,1669342091
38,hasaki,35.7333,140.8333,61.29,53,12,14.07,JP,1669342092
39,mataura,-46.1927,168.8643,54.48,56,100,9.84,NZ,1669342093
40,ajdabiya,30.7554,20.2263,65.77,69,0,10.56,LY,1669342094
41,ponta do sol,32.6667,-17.1,66.7,72,100,3.69,PT,1669342094
42,saint george,37.1041,-113.5841,50.43,34,0,7.0,US,1669342094
43,rio grande,-32.035,-52.0986,65.48,74,0,10.96,BR,1669342095
44,kaitangata,-46.2817,169.8464,55.8,63,100,11.99,NZ,1669342096
45,allonnes,47.9674,0.1581,48.24,93,1,2.3,FR,1669342096
46,thinadhoo,0.5333,72.9333,81.81,75,37,13.89,MV,1669342097
47,souillac,-20.5167,57.5167,74.48,76,99,13.2,MU,1669342098
48,straumen,63.8709,11.2999,42.8,78,100,5.95,NO,1669342098
49,cartagena,10.3997,-75.5144,80.22,83,40,2.3,CO,1669342044
50,sabang,5.8933,95.3214,81.73,73,100,20.6,ID,1669342100
51,dikson,73.5069,80.5464,-4.5,98,100,21.52,RU,1669342100
52,arraial do cabo,-22.9661,-42.0278,72.57,84,92,11.77,BR,1669342101
53,tuttlingen,47.9833,8.8167,36.27,86,100,3.53,DE,1669341857
54,punta arenas,-53.15,-70.9167,50.11,46,75,24.16,CL,1669342102
55,victoria,22.2855,114.1577,78.19,91,100,15.01,HK,1669342102
56,east london,-33.0153,27.9116,64.83,68,100,13.98,ZA,1669342103
57,albany,42.6001,-73.9662,43.05,70,99,2.84,US,1669341806
58,mizdah,31.4451,12.9801,51.87,80,20,1.99,LY,1669342104
59,lufilufi,-13.8745,-171.5986,82.15,73,59,11.45,WS,1669342105
60,sola,-13.8833,167.55,82.54,70,52,7.87,VU,1669342106
61,miraflores,19.2167,-98.8083,65.05,83,43,1.52,MX,1669342106
62,cayenne,4.9333,-52.3333,75.24,94,20,1.14,GF,1669342107
63,jamestown,42.097,-79.2353,46.04,61,75,4.61,US,1669342107
64,kodiak,57.79,-152.4072,40.51,75,20,6.91,US,1669342108
65,saskylakh,71.9167,114.0833,-13.05,89,100,9.22,RU,1669342108
66,zalari,53.5584,102.5065,0.28,74,99,7.61,RU,1669342109
67,kabinda,-6.1333,24.4833,65.68,89,85,1.95,CD,1669342110
68,lasa,46.6166,10.7002,33.37,52,100,2.51,IT,1669342111
69,tuktoyaktuk,69.4541,-133.0374,1.47,97,92,7.31,CA,1669342112
70,xining,36.6167,101.7667,37.99,24,42,1.36,CN,1669342112
71,buchanan,5.8808,-10.0467,76.05,86,100,4.23,LR,1669342113
72,chokurdakh,70.6333,147.9167,-36.69,100,89,2.59,RU,1669342113
73,kurchanskaya,45.2219,37.5853,53.92,62,100,4.9,RU,1669342114
74,maningrida,-12.0667,134.2667,91.18,54,100,7.81,AU,1669342115
75,ushuaia,-54.8,-68.3,51.46,43,40,20.71,AR,1669342115
76,avarua,-21.2078,-159.775,80.65,69,100,17.27,CK,1669342116
77,eyl,7.9803,49.8164,75.43,79,31,8.97,SO,1669342116
78,bluff,-46.6,168.3333,54.81,69,100,20.69,NZ,1669342117
79,san miguel,13.4833,-88.1833,72.99,96,99,1.07,SV,1669342117
80,salinopolis,-0.6136,-47.3561,79.7,75,60,8.63,BR,1669342118
81,san juan,-31.5375,-68.5364,89.01,16,81,14.0,AR,1669342118
82,qaanaaq,77.484,-69.3632,0.9,94,90,5.57,GL,1669342119
83,lavrentiya,65.5833,-171.0,21.63,86,100,10.0,RU,1669342119
84,xique-xique,-10.8218,-42.7263,78.6,62,100,2.95,BR,1669342120
85,cabedelo,-6.9811,-34.8339,79.47,81,7,11.14,BR,1669341918
86,palmer,42.1584,-72.3287,40.66,82,0,0.0,US,1669342121
87,bereda,43.2686,-7.5406,47.41,100,81,3.62,ES,1669342121
88,port alfred,-33.5906,26.891,63.18,79,100,4.0,ZA,1669342122
89,awjilah,29.1081,21.2869,65.08,77,99,8.72,LY,1669342122
90,hilo,19.7297,-155.09,73.26,94,100,14.97,US,1669341940
91,bredasdorp,-34.5322,20.0403,52.12,62,6,3.65,ZA,1669342123
92,zhengjiatun,43.5064,123.5064,44.73,56,57,19.35,CN,1669342123
93,katsuura,35.1333,140.3,61.29,61,47,15.43,JP,1669342124
94,talara,-4.5772,-81.2719,66.96,77,75,9.22,PE,1669342124
95,svetlogorsk,52.6333,29.7333,32.61,100,100,4.36,BY,1669342125
96,aswan,24.0934,32.907,62.96,37,0,6.93,EG,1669342125
97,krasnoselkup,65.7,82.4667,-30.87,97,6,7.78,RU,1669342126
98,comodoro rivadavia,-45.8667,-67.5,60.66,33,90,2.24,AR,1669341832
99,gao,16.6362,1.637,67.86,10,90,11.77,ML,1669342126
100,bugiri,0.5714,33.7417,64.67,89,93,3.91,UG,1669342127
101,margate,51.3813,1.3862,49.69,85,12,3.0,GB,1669342127
102,cabo san lucas,22.8909,-109.9124,73.71,73,75,6.91,MX,1669342027
103,barrow,71.2906,-156.7887,10.42,85,100,4.61,US,1669342128
104,kenai,60.5544,-151.2583,30.29,100,100,9.22,US,1669342129
105,bageshwar,29.85,79.7667,52.27,52,49,2.17,IN,1669342129
106,asau,46.4333,26.4,34.72,95,100,1.19,RO,1669342130
107,caucaia,-3.7361,-38.6531,80.55,76,40,8.05,BR,1669342130
108,cockburn town,21.4612,-71.1419,80.92,69,0,16.89,TC,1669342131
109,sobolevo,54.4299,31.8996,29.62,98,100,10.51,RU,1669342131
110,sur,22.5667,59.5289,73.62,44,7,1.19,OM,1669342132
111,srednekolymsk,67.45,153.6833,-17.36,97,100,3.76,RU,1669342132
112,waipawa,-41.4122,175.5153,56.77,62,25,4.05,NZ,1669342133
113,cidreira,-30.1811,-50.2056,65.57,77,0,6.13,BR,1669342133
114,sitka,57.0531,-135.33,39.09,75,75,18.41,US,1669342134
115,luwuk,-0.9516,122.7875,83.08,76,100,1.48,ID,1669342123
116,carmen,18.6333,-91.8333,80.64,83,0,8.05,MX,1669342134
117,vostok,46.4856,135.8833,24.93,93,100,4.52,RU,1669342135
118,nyurba,63.2842,118.3319,-35.97,100,93,2.59,RU,1669342136
119,yar-sale,66.8333,70.8333,-21.98,98,9,7.36,RU,1669342136
120,new norfolk,-42.7826,147.0587,57.92,73,100,1.99,AU,1669342137
121,mana,5.6592,-53.7767,76.28,92,100,7.61,GF,1669342137
122,hithadhoo,-0.6,73.0833,81.79,74,84,13.02,MV,1669342138
123,cherskiy,68.75,161.3,-11.85,97,100,4.36,RU,1669342138
124,port lincoln,-34.7333,135.8667,79.14,39,25,8.32,AU,1669342139
125,lebu,-37.6167,-73.65,54.63,80,100,18.21,CL,1669342139
126,russell,32.3502,-85.1999,63.97,72,100,5.75,US,1669342140
127,stornoway,58.2093,-6.3865,46.36,84,75,23.02,GB,1669342140
128,ixtapa,20.7,-105.2,74.43,69,0,4.61,MX,1669342124
129,severo-kurilsk,50.6789,156.125,33.62,63,100,10.67,RU,1669342141
130,clyde river,70.4692,-68.5914,-12.57,79,6,3.49,CA,1669341926
131,vila franca do campo,37.7167,-25.4333,63.01,76,70,17.13,PT,1669342142
132,husavik,66.0449,-17.3389,39.0,96,100,12.57,IS,1669342143
133,port hardy,50.6996,-127.4199,44.78,100,100,3.44,CA,1669342143
134,te anau,-45.4167,167.7167,54.97,57,100,6.58,NZ,1669342144
135,biak,-0.9131,122.8766,80.87,76,100,2.06,ID,1669342145
136,aykhal,66.0,111.5,-26.27,100,97,2.75,RU,1669342145
137,butaritari,3.0707,172.7902,80.17,77,100,5.59,KI,1669342146
138,bengkulu,-3.8004,102.2655,78.6,83,100,7.09,ID,1669342146
139,saint-philippe,-21.3585,55.7679,71.19,79,45,11.79,RE,1669342147
140,aktau,43.65,51.2,41.58,54,77,15.08,KZ,1669342147
141,bandarbeyla,9.4942,50.8122,76.44,79,19,7.83,SO,1669342148
142,kieta,-6.2167,155.6333,84.33,71,27,4.72,PG,1669342148
143,buraydah,26.326,43.975,67.51,30,26,11.34,SA,1669341862
144,hermanus,-34.4187,19.2345,49.8,59,6,5.66,ZA,1669342149
145,anadyr,64.75,177.4833,16.3,85,40,11.18,RU,1669342150
146,saint-augustin,51.226,-58.6502,23.43,74,93,24.0,CA,1669342150
147,tiksi,71.6872,128.8694,-26.46,99,81,8.41,RU,1669342151
148,torbay,47.6666,-52.7314,26.38,78,100,25.01,CA,1669342151
149,tanout,14.9709,8.8879,62.15,21,4,12.08,NE,1669342152
150,khatanga,71.9667,102.5,-23.4,94,100,15.88,RU,1669342153
151,the pas,53.8251,-101.2541,24.66,97,100,4.45,CA,1669341862
152,severnoye,56.3491,78.3619,-10.48,99,84,3.71,RU,1669342153
153,richards bay,-28.783,32.0377,69.91,90,100,11.65,ZA,1669342154
154,sao jose do rio preto,-20.8197,-49.3794,69.19,77,2,7.65,BR,1669342154
155,tigre,-34.426,-58.5796,78.26,48,0,13.8,AR,1669342155
156,san lorenzo,-25.3333,-57.5333,70.74,68,15,4.61,PY,1669342156
157,tabas,33.5959,56.9244,57.11,24,100,1.68,IR,1669342156
158,geraldton,-28.7667,114.6,73.81,49,40,9.22,AU,1669342157
159,carnarvon,-24.8667,113.6333,72.93,60,5,14.9,AU,1669342157
160,saint-francois,46.4154,3.9054,47.64,76,100,5.75,FR,1669342158
161,rio gallegos,-51.6226,-69.2181,50.05,46,75,6.91,AR,1669341992
162,nuuk,64.1835,-51.7216,25.88,68,100,10.0,GL,1669342159
163,montgomery,39.1501,-77.1997,49.59,64,0,6.91,US,1669342159
164,vila,42.0304,-8.1588,43.68,96,24,2.89,PT,1669342160
165,arumbavur,11.3833,78.7333,74.77,89,32,2.95,IN,1669342160
166,khorixas,-20.3667,14.9667,71.62,25,34,6.8,NA,1669342161
167,morehead,37.2711,-87.1764,54.0,66,100,0.0,US,1669342161
168,ahipara,-35.1667,173.1667,62.71,87,37,14.83,NZ,1669342162
169,karratha,-20.7377,116.8463,88.34,35,100,1.39,AU,1669342162
170,dejen,10.1667,38.1333,54.52,59,85,1.9,ET,1669342163
171,fortuna,40.5982,-124.1573,51.1,85,100,4.61,US,1669342164
172,kahului,20.8947,-156.47,75.22,68,75,21.85,US,1669342028
173,norman wells,65.282,-126.8329,8.04,94,100,8.14,CA,1669342165
174,maltahohe,-24.8333,16.9833,66.78,18,3,7.74,NA,1669342166
175,dunedin,-45.8742,170.5036,55.8,65,100,7.0,NZ,1669342166
176,mar del plata,-38.0023,-57.5575,58.95,83,61,3.0,AR,1669342167
177,quzhou,28.9594,118.8686,63.79,82,100,2.15,CN,1669342101
178,gunjur,13.2019,-16.7339,71.67,64,0,6.91,GM,1669342167
179,omboue,-1.5746,9.2618,74.61,96,100,4.41,GA,1669342168
180,tamandare,-8.7597,-35.1047,77.27,82,83,9.33,BR,1669342168
181,baherden,38.4362,57.4316,53.37,56,0,7.67,TM,1669342169
182,alofi,-19.0595,-169.9187,84.09,58,40,6.91,NU,1669342169
183,rusape,-18.5278,32.1284,61.0,81,63,4.63,ZW,1669342170
184,kruisfontein,-34.0033,24.7314,58.89,63,89,9.71,ZA,1669342170
185,badou,7.5833,0.6,71.49,43,13,2.44,TG,1669342171
186,nome,64.5011,-165.4064,21.27,86,100,16.11,US,1669342138
187,muros,42.7762,-9.0603,52.68,96,11,12.68,ES,1669342172
188,monterey,36.2505,-121.2516,61.18,40,0,4.54,US,1669341912
189,guerrero negro,27.9769,-114.0611,66.58,26,0,21.14,MX,1669342173
190,knysna,-34.0363,23.0471,59.14,72,99,4.94,ZA,1669342173
191,sao felix do xingu,-6.6447,-51.995,69.57,98,60,1.05,BR,1669342174
192,kilindoni,-7.9139,39.6668,78.28,80,10,11.63,TZ,1669342174
193,murgab,37.4966,61.9714,51.69,65,83,5.68,TM,1669342175
194,eureka,40.8021,-124.1637,51.37,82,9,1.01,US,1669342175
195,pevek,69.7008,170.3133,-3.73,93,100,1.52,RU,1669342176
196,san policarpo,12.1791,125.5072,82.76,81,99,10.58,PH,1669342176
197,ilulissat,69.2167,-51.1,14.02,62,99,8.05,GL,1669342015
198,mahebourg,-20.4081,57.7,76.24,76,81,13.8,MU,1669342177
199,santa rosa,14.3122,121.1114,85.1,87,99,12.97,PH,1669342177
200,havelock,34.8791,-76.9013,60.75,86,100,9.22,US,1669342178
201,inirida,3.8653,-67.9239,73.26,96,11,2.35,CO,1669342179
202,finnsnes,69.2296,17.9811,5.61,72,5,5.7,NO,1669342179
203,taoudenni,22.6783,-3.9836,72.03,28,100,10.22,ML,1669342180
204,atambua,-9.1061,124.8925,80.38,70,99,2.51,ID,1669342180
205,egvekinot,66.3167,-179.1667,11.21,84,100,14.14,RU,1669342181
206,sal rei,16.1833,-22.9167,75.16,64,0,17.11,CV,1669342181
207,tonstad,58.6626,6.7169,46.2,97,100,22.93,NO,1669342182
208,bairiki,1.3292,172.9752,80.01,74,53,8.41,KI,1669342182
209,araouane,18.9048,-3.5265,70.43,11,72,9.71,ML,1669342183
210,kholm-zhirkovskiy,55.5189,33.4731,20.66,95,100,9.19,RU,1669342183
211,alihe,50.5667,123.7167,11.03,88,100,6.64,CN,1669342184
212,turukhansk,65.8167,87.9833,-36.08,93,24,3.4,RU,1669342184
213,saint anthony,45.0205,-93.218,35.53,78,0,9.22,US,1669342185
214,airai,-8.9266,125.4092,68.31,79,98,1.5,TL,1669342185
215,klyuchi,52.2667,79.1667,15.17,81,100,8.46,RU,1669342186
216,kidal,18.4411,1.4078,66.54,14,100,10.85,ML,1669342186
217,mugumu,-1.85,34.7,59.59,82,80,4.03,TZ,1669342187
218,doha,25.2867,51.5333,71.58,56,0,2.3,QA,1669342115
219,georgetown,5.4112,100.3354,84.13,83,20,2.3,MY,1669342105
220,havre-saint-pierre,50.2334,-63.5986,16.79,77,2,11.1,CA,1669342187
221,breves,-1.6822,-50.4803,73.9,96,100,2.53,BR,1669342188
222,chuy,-33.6971,-53.4616,64.08,77,0,6.76,UY,1669342189
223,talcahuano,-36.7167,-73.1167,60.48,72,0,12.66,CL,1669342189
224,upernavik,72.7868,-56.1549,10.29,95,100,9.35,GL,1669342190
225,melun,48.5,2.75,49.96,94,100,11.5,FR,1669342190
226,isangel,-19.55,169.2667,82.0,75,21,5.97,VU,1669342067
227,dzhankoy,45.7167,34.4,48.79,94,100,6.96,UA,1669342191
228,coquimbo,-29.9533,-71.3436,56.93,100,0,5.75,CL,1669342191
229,lorengau,-2.0226,147.2712,86.07,63,79,5.61,PG,1669342192
230,trairi,-3.2778,-39.2689,78.4,79,90,10.74,BR,1669342169
231,hambantota,6.1241,81.1185,75.54,100,40,2.3,LK,1669342192
232,saldanha,-33.0117,17.9442,58.51,59,0,20.27,ZA,1669342193
233,ancud,-41.8697,-73.8203,47.41,78,67,4.94,CL,1669342193
234,verkhoyansk,67.5447,133.385,-32.89,98,100,1.66,RU,1669342195
235,luanda,-8.8368,13.2343,78.13,84,100,6.78,AO,1669342195
236,coihaique,-45.5752,-72.0662,47.01,61,20,4.61,CL,1669342196
237,kikwit,-5.041,18.8162,69.21,97,100,1.52,CD,1669342196
238,fairbanks,64.8378,-147.7164,15.76,85,100,0.0,US,1669341932
239,ewa beach,21.3156,-158.0072,76.95,56,0,20.71,US,1669342197
240,barstow,34.8986,-117.0228,52.79,18,1,6.31,US,1669341978
241,bathsheba,13.2167,-59.5167,81.21,78,20,18.41,BB,1669342197
242,chebsara,59.2002,38.8356,11.98,88,43,5.26,RU,1669342198
243,muravlenko,63.7898,74.523,-32.06,99,9,7.36,RU,1669342198
244,aracruz,-19.8203,-40.2733,70.36,98,100,1.63,BR,1669342199
245,los llanos de aridane,28.6585,-17.9182,65.95,86,100,8.99,ES,1669342199
246,bom conselho,-9.1697,-36.6797,68.45,83,93,8.72,BR,1669342200
247,lamballe,48.4676,-2.5144,47.07,90,0,5.01,FR,1669342200
248,hollola,61.05,25.4333,26.04,93,100,7.09,FI,1669342201
249,laguna,38.421,-121.4238,60.31,61,0,3.44,US,1669342201
250,tytuvenai,55.6,23.2,28.31,97,100,5.03,LT,1669342204
251,thompson,55.7435,-97.8558,4.55,99,70,1.21,CA,1669342206
252,youghal,51.95,-7.8506,40.21,84,5,14.43,IE,1669342208
253,camacha,33.0833,-16.3333,62.02,77,20,2.3,PT,1669342016
254,bushehr,28.9684,50.8385,69.89,60,0,0.0,IR,1669342210
255,guarapari,-20.6667,-40.4975,71.89,95,100,3.96,BR,1669342210
256,fallon,39.4735,-118.7774,40.44,47,0,4.61,US,1669342211
257,acarau,-2.8856,-40.12,78.75,78,54,14.76,BR,1669342212
258,chicama,-7.8447,-79.1469,63.14,80,12,5.59,PE,1669342212
259,salalah,17.0151,54.0924,72.9,69,0,2.51,OM,1669342213
260,iqaluit,63.7506,-68.5145,-2.79,88,94,5.55,CA,1669342214
261,bethel,41.3712,-73.414,44.64,89,96,4.34,US,1669341965
262,bahia de caraquez,-0.6,-80.4167,73.58,82,89,10.94,EC,1669342214
263,ambon,-3.6954,128.1814,87.94,70,20,5.75,ID,1669342215
264,berlevag,70.8578,29.0864,24.8,68,65,35.68,NO,1669342216
265,sinop,41.7711,34.8709,50.79,67,100,4.88,TR,1669342216
266,gat,31.61,34.7642,63.39,100,58,10.02,IL,1669342025
267,sansepolcro,43.5747,12.143,50.09,58,100,1.92,IT,1669342217
268,islamkot,24.6997,70.177,64.85,28,12,6.17,PK,1669342218
269,san patricio,28.017,-97.5169,70.92,96,100,5.21,US,1669342218
270,acari,-15.4311,-74.6158,71.83,76,18,2.42,PE,1669342219
271,kanepi,57.982,26.7627,25.05,94,100,7.45,EE,1669342219
272,tomatlan,19.9333,-105.25,71.74,85,45,1.59,MX,1669342220
273,shyroke,47.6917,33.2571,45.95,92,100,4.92,UA,1669342220
274,cuiaba,-15.5961,-56.0967,80.53,78,40,4.61,BR,1669342159
275,sokoni,-6.4333,39.55,78.49,79,4,8.9,TZ,1669342221
276,steinbach,50.1667,8.5667,44.2,91,75,3.44,DE,1669342222
277,ocean city,39.2776,-74.5746,50.99,81,8,9.78,US,1669342011
278,longyearbyen,78.2186,15.6401,30.04,86,75,17.27,SJ,1669342223
279,awbari,26.5921,12.7805,57.94,46,4,3.67,LY,1669342223
280,daru,-9.0763,143.2092,85.84,66,100,4.27,PG,1669342224
281,sligo,54.2697,-8.4694,43.68,83,11,14.56,IE,1669342224
282,ondjiva,-17.0667,15.7333,72.48,67,100,3.83,AO,1669342225
283,talaya,61.3833,152.75,-14.03,92,100,5.26,RU,1669342226
284,college,64.8569,-147.8028,15.75,86,100,0.0,US,1669342226
285,walvis bay,-22.9575,14.5053,59.09,81,7,12.71,NA,1669342227
286,samarai,-10.6167,150.6667,85.37,68,84,7.29,PG,1669342228
287,hualmay,-11.0964,-77.6139,67.17,84,13,8.43,PE,1669342228
288,san felipe,10.3399,-68.7425,71.73,99,62,1.57,VE,1669342228
289,beloha,-25.1667,45.05,72.0,75,4,3.85,MG,1669342229
290,atbasar,51.8,68.3333,25.97,97,100,11.36,KZ,1669342230
291,baft,29.234,56.6057,45.84,48,100,4.34,IR,1669342230
292,kholodnyy,62.7167,147.95,-11.52,90,100,2.91,RU,1669342231
293,tecoanapa,16.5167,-98.75,79.21,78,12,5.64,MX,1669342232
294,ketchikan,55.3422,-131.6461,41.47,87,100,5.75,US,1669342233
295,vila velha,-20.3297,-40.2925,71.94,98,100,3.0,BR,1669342233
296,carnot,4.9409,15.8665,76.62,59,100,1.03,CF,1669342234
297,puqi,29.7167,113.8833,64.87,74,62,1.79,CN,1669342234
298,epe,6.5841,3.9834,74.35,93,25,3.58,NG,1669342235
299,parole,38.9796,-76.5305,50.99,85,0,5.75,US,1669342236
300,lodja,-3.4833,23.4333,68.02,98,100,1.16,CD,1669342237
301,kuryk,43.2,51.65,49.24,52,26,16.31,KZ,1669342238
302,tonj,7.2737,28.6822,76.23,59,20,2.53,SS,1669342238
303,lengshuitan,26.4111,111.5956,63.82,77,99,0.2,CN,1669342239
304,arkhangelsk,64.5401,40.5433,5.11,85,100,0.0,RU,1669342240
305,muroto,33.2833,134.15,61.32,66,12,5.68,JP,1669342241
306,flinders,-34.5833,150.8552,76.17,64,13,8.99,AU,1669342241
307,muswellbrook,-32.2667,150.9,86.32,33,0,5.17,AU,1669342242
308,bronte,37.7895,14.8342,45.54,89,22,5.32,IT,1669342243
309,port keats,-14.25,129.55,89.08,57,71,5.01,AU,1669342243
310,san cristobal,7.7669,-72.225,71.78,91,39,1.86,VE,1669342102
311,saint peters,38.8003,-90.6265,51.35,92,100,0.0,US,1669342245
312,soyo,-6.1349,12.3689,77.99,86,99,5.91,AO,1669342245
313,codrington,-38.2667,141.9667,67.1,57,100,2.62,AU,1669342246
314,kavieng,-2.5744,150.7967,85.64,61,64,4.29,PG,1669342246
315,bukama,-9.2,25.85,67.01,97,99,1.23,CD,1669342030
316,rawson,-43.3002,-65.1023,57.07,57,2,23.51,AR,1669342247
317,fort saint james,54.4333,-124.25,34.25,99,100,3.31,CA,1669342247
318,bratsk,56.1325,101.6142,-3.51,89,100,9.95,RU,1669342248
319,hailar,49.2,119.7,14.45,93,100,10.96,CN,1669342248
320,ulladulla,-35.35,150.4667,66.36,71,51,10.2,AU,1669342249
321,midland,31.9974,-102.0779,43.81,85,100,18.41,US,1669342083
322,batagay-alyta,67.8006,130.4114,-21.24,99,100,1.19,RU,1669342250
323,khon buri,14.5254,102.2459,82.02,89,81,7.81,TH,1669342250
324,gallup,35.5281,-108.7426,35.02,40,0,4.61,US,1669342250
325,salta,-24.7859,-65.4117,71.22,36,100,4.36,AR,1669342251
326,hofn,64.2539,-15.2082,42.6,88,100,17.13,IS,1669342251
327,northam,51.0333,-4.2167,50.25,80,16,20.49,GB,1669342252
328,rincon,32.296,-81.2354,66.16,87,100,5.75,US,1669342252
329,ucluelet,48.9329,-125.5528,49.08,91,100,4.0,CA,1669342253
330,lompoc,34.6391,-120.4579,63.7,36,0,4.61,US,1669342253
331,arlit,18.7369,7.3853,65.5,12,28,5.86,NE,1669342254
332,camacupa,-12.0167,17.4833,60.26,97,100,3.58,AO,1669342254
333,bell ville,-32.6259,-62.6887,79.81,28,39,8.59,AR,1669342255
334,kharan,28.5833,65.4167,57.4,19,68,4.29,PK,1669342255
335,quatre cocos,-20.2078,57.7625,76.08,76,62,14.0,MU,1669342256
336,beringovskiy,63.05,179.3167,14.49,94,100,6.15,RU,1669342256
337,maxixe,-23.8597,35.3472,73.98,88,0,8.99,MZ,1669342257
338,emirdag,39.0197,31.15,45.75,79,94,4.43,TR,1669342257
339,luleburgaz,41.4039,27.3592,49.57,70,100,8.99,TR,1669342112
340,asuncion nochixtlan,17.4667,-97.2333,61.52,74,95,0.98,MX,1669342258
341,naze,28.3667,129.4833,67.55,63,100,11.16,JP,1669342258
342,davidson,36.1501,-86.7833,60.69,73,100,4.61,US,1669342259
343,murray bridge,-35.1167,139.2667,85.12,26,19,8.7,AU,1669342259
344,aripuana,-9.1667,-60.6333,71.76,95,92,0.98,BR,1669342260
345,nador,35.174,-2.9287,64.65,68,0,5.75,MA,1669342260
346,phibun mangsahan,15.2447,105.2291,85.08,75,54,3.38,TH,1669342260
347,kamaishi,39.2667,141.8833,50.77,57,3,0.74,JP,1669342261
348,warmbad,-28.45,18.7333,58.19,59,0,4.74,NA,1669342261
349,deputatskiy,69.3,139.9,-29.97,95,100,4.47,RU,1669342262
350,vao,-22.6667,167.4833,73.45,67,100,15.46,NC,1669342263
351,marzuq,14.4,46.4667,60.82,83,0,3.4,YE,1669342263
352,praia da vitoria,38.7333,-27.0667,63.75,82,86,26.15,PT,1669342264
353,puerto quijarro,-17.7833,-57.7667,76.75,47,89,4.5,BO,1669342265
354,leningradskiy,69.3833,178.4167,3.79,95,100,6.29,RU,1669342266
355,dwarka,22.2394,68.9678,74.91,47,5,10.76,IN,1669342266
356,kawalu,-7.3817,108.2082,77.85,82,100,1.12,ID,1669342267
357,kropotkin,45.4375,40.5756,49.93,71,99,14.23,RU,1669342268
358,tilichiki,60.4667,166.1,-7.33,92,13,7.09,RU,1669342268
359,broken hill,-31.95,141.4333,80.37,21,0,1.86,AU,1669342269
360,progreso,21.2833,-89.6667,77.11,83,59,12.93,MX,1669342271
361,juegang,32.3174,121.1855,67.91,67,47,11.41,CN,1669342272
362,sinnamary,5.3833,-52.95,77.83,89,100,9.84,GF,1669342272
363,nishihara,26.1842,127.7558,69.46,88,75,11.5,JP,1669342273
364,riyadh,24.6877,46.7219,64.54,23,11,8.66,SA,1669342028
365,abha,18.2164,42.5053,50.25,87,0,0.0,SA,1669342274
366,little current,45.9793,-81.9248,46.42,83,100,13.06,CA,1669342274
367,fukue,32.6881,128.8419,63.45,54,13,9.1,JP,1669342275
368,mao,39.8885,4.2658,64.96,88,40,10.36,ES,1669342276
369,diamantino,-14.4086,-56.4461,72.01,95,100,2.82,BR,1669342276
370,coffs harbour,-30.3,153.1333,75.16,69,28,11.5,AU,1669342256
371,santa vitoria do palmar,-33.5189,-53.3681,65.12,75,0,7.85,BR,1669342277
372,ballina,-28.8667,153.5667,85.01,55,0,9.75,AU,1669342278
373,tual,-5.6667,132.75,83.82,67,96,2.59,ID,1669342279
374,sinaloa,25.0,-107.5,66.65,56,0,2.37,MX,1669342167
375,amol,36.4696,52.3507,55.29,64,6,4.34,IR,1669342279
376,krasnyy yar,46.5331,48.3456,35.53,85,100,8.95,RU,1669342280
377,arawa,-6.2132,155.5367,85.84,70,39,3.83,PG,1669342281
378,portland,45.5234,-122.6762,49.8,71,40,13.0,US,1669342145
379,zhaoyang,42.682,126.0305,33.94,100,100,7.78,CN,1669342282
380,vestmanna,62.1564,-7.1664,45.52,81,100,26.46,FO,1669342282
381,pacific grove,36.6177,-121.9166,60.55,68,0,3.44,US,1669342107
382,kamina,-8.7386,24.9906,62.46,96,100,2.46,CD,1669342283
383,bud,39.447,-86.1758,55.42,65,100,9.22,US,1669342283
384,komsomolskiy,40.4272,71.7189,38.12,87,100,4.61,UZ,1669342284
385,babanka,48.7097,30.4483,42.85,99,100,7.56,UA,1669342285
386,nijar,36.9665,-2.206,51.44,94,0,5.75,ES,1669342285
387,linjiang,41.8069,126.9078,48.7,81,99,14.45,CN,1669342286
388,belyy yar,53.6039,91.3903,8.85,74,0,6.71,RU,1669342286
389,presov,49.1667,21.25,31.37,93,60,2.95,SK,1669342287
390,twin falls,42.3505,-114.6445,31.89,74,0,3.44,US,1669342171
391,bukene,-4.2333,32.8833,67.1,77,64,2.64,TZ,1669342288
392,dhidhdhoo,6.8833,73.1,80.71,68,99,6.6,MV,1669342289
393,torit,4.4133,32.5678,74.01,64,67,3.18,SS,1669342217
394,merauke,-8.4667,140.3333,85.41,68,100,4.61,ID,1669342290
395,nuevo progreso,23.1667,-97.95,70.47,77,73,8.52,MX,1669342290
396,hamilton,39.1834,-84.5333,58.8,55,100,4.61,US,1669342228
397,cocora,44.7333,27.05,44.73,84,98,3.83,RO,1669342291
398,bonthe,7.5264,-12.505,78.06,83,70,3.18,SL,1669342292
399,dingle,10.9995,122.6711,84.16,77,100,12.41,PH,1669342292
400,kavaratti,10.5669,72.642,80.4,76,75,6.67,IN,1669342293
401,vestmannaeyjar,63.4427,-20.2734,45.99,86,44,23.8,IS,1669342294
402,oga,46.4631,10.347,31.8,56,100,1.92,IT,1669342294
403,dalvik,65.9702,-18.5286,38.44,99,100,9.51,IS,1669342295
404,shar,49.5886,81.0453,17.47,84,100,20.31,KZ,1669342295
405,bria,6.5423,21.9863,75.61,53,100,2.13,CF,1669342296
406,kyra,49.5776,111.9753,1.83,61,91,14.38,RU,1669342297
407,suamico,44.6319,-88.0393,43.09,75,100,12.66,US,1669342297
408,baruun-urt,46.6806,113.2792,9.55,77,100,16.37,MN,1669342298
409,aberdeen,57.1437,-2.0981,47.19,83,40,21.85,GB,1669342298
410,henties bay,-22.116,14.2845,59.36,88,27,6.51,NA,1669342299
411,roald,62.5833,6.1333,49.12,53,59,17.27,NO,1669342299
412,neftcala,39.3742,49.2472,60.51,81,100,9.19,AZ,1669342299
413,punta de bombon,-17.1717,-71.7931,67.62,89,24,4.36,PE,1669342300
414,vermillion,42.7794,-96.9292,32.81,69,25,6.76,US,1669342024
415,tuatapere,-46.1333,167.6833,56.21,56,100,9.8,NZ,1669342235
416,hauterive,46.0901,3.4459,50.76,88,100,5.57,FR,1669342301
417,bayan,46.0833,127.4,30.69,93,100,4.09,CN,1669342301
418,camalu,30.85,-116.0667,62.98,40,1,4.07,MX,1669342302
419,hobyo,5.3505,48.5268,78.62,74,13,9.15,SO,1669342302
420,haines junction,60.7522,-137.5108,21.99,94,100,3.2,CA,1669342303
421,natal,-5.795,-35.2094,79.45,83,20,9.22,BR,1669342303
422,morki,56.4303,48.9947,19.35,93,97,4.99,RU,1669342303
423,almaznyy,48.0448,40.045,39.4,85,100,13.0,RU,1669342304
424,la trinidad,16.455,120.5875,74.62,51,12,2.95,PH,1669342304
425,sigli,5.3848,95.9609,82.24,64,96,3.38,ID,1669342305
426,la ronge,55.1001,-105.2842,30.6,92,100,5.86,CA,1669342305
427,adre,13.4667,22.2,66.81,21,3,13.42,TD,1669342306
428,hohhot,40.8106,111.6522,31.8,34,100,15.3,CN,1669342306
429,apatity,67.5641,33.4031,14.54,93,97,7.76,RU,1669342307
430,sakakah,29.9697,40.2064,60.46,75,5,10.25,SA,1669342101
431,honiara,-9.4333,159.95,86.99,68,30,5.7,SB,1669342232
432,sydney mines,46.2367,-60.2177,32.18,69,75,24.16,CA,1669342308
433,kirkwall,58.9848,-2.9587,48.25,76,59,23.02,GB,1669342308
434,sistranda,63.7256,8.834,42.76,62,29,8.61,NO,1669342081
435,missoula,47.0166,-113.8009,18.18,84,17,1.19,US,1669342309
436,san jose,37.3394,-121.895,63.09,52,0,3.44,US,1669342192
437,lucapa,-8.4192,20.7447,64.72,92,100,1.23,AO,1669342310
438,tautira,-17.7333,-149.15,75.97,77,55,15.75,PF,1669342310
439,harper,4.375,-7.7169,76.75,84,19,2.84,LR,1669342160
440,monte santo,-10.4378,-39.3328,75.72,68,100,8.28,BR,1669342311
441,hearst,49.6835,-83.6665,32.83,98,100,7.18,CA,1669342311
442,bozuyuk,39.9078,30.0367,44.94,96,39,3.51,TR,1669342312
443,plettenberg bay,-34.0527,23.3716,58.96,71,100,6.24,ZA,1669342045
444,ler,8.3018,30.1418,75.81,62,52,4.03,SS,1669342313
445,guia lopes da laguna,-21.4578,-56.1142,66.65,70,0,4.25,BR,1669342313
446,sibolga,1.7427,98.7792,80.1,75,100,0.83,ID,1669342314
447,san matias,-16.3667,-58.4,78.31,61,13,1.57,BO,1669342314
448,chapais,49.7834,-74.8492,29.98,92,100,9.78,CA,1669342314
449,snezhnogorsk,69.1933,33.2531,15.58,86,19,11.79,RU,1669342315
450,batamshinskiy,50.5594,58.2747,21.34,88,77,8.99,KZ,1669342315
451,constitucion,-35.3333,-72.4167,59.16,73,37,9.33,CL,1669342316
452,staraya russa,57.9944,31.3608,16.45,93,100,6.55,RU,1669342316
453,pathein,16.7833,94.7333,76.35,69,90,7.63,MM,1669342317
454,tazovskiy,67.4667,78.7,-31.94,100,14,3.11,RU,1669342317
455,gigmoto,13.7796,124.39,83.84,77,96,9.84,PH,1669342318
456,christchurch,-43.5333,172.6333,65.41,51,12,9.22,NZ,1669342316
457,olafsvik,64.8945,-23.7142,43.3,79,64,22.79,IS,1669342318
458,nouadhibou,20.931,-17.0347,68.4,58,0,16.78,MR,1669342319
459,yambio,4.5721,28.3955,68.07,95,93,1.43,SS,1669342319
460,watrous,51.6668,-105.4679,26.87,90,98,5.79,CA,1669342320
461,chernyshevskiy,63.0128,112.4714,-37.52,100,46,0.67,RU,1669342320
462,clovis,36.8252,-119.7029,63.84,48,0,0.0,US,1669342321
463,los algarrobos,8.5,-82.4333,75.61,94,75,3.44,PA,1669342321
464,salym,60.0625,71.4789,-15.36,95,6,6.51,RU,1669342322
465,sangmelima,2.9333,11.9833,67.91,93,100,2.51,CM,1669342322
466,westport,41.1415,-73.3579,48.74,86,0,10.36,US,1669342323
467,kenitra,34.261,-6.5802,57.96,87,52,2.42,MA,1669342324
468,svetlyy,54.675,20.1347,30.25,95,100,4.21,RU,1669342324
469,belmonte,-15.8631,-38.8828,75.24,91,94,7.99,BR,1669342325
470,mount isa,-20.7333,139.5,91.17,24,53,10.36,AU,1669342326
471,fort morgan,40.2503,-103.8,32.65,43,0,9.22,US,1669342327
472,surt,31.2089,16.5887,67.93,66,9,13.76,LY,1669342327
473,bukachacha,52.9833,116.9167,7.57,85,100,4.29,RU,1669342328
474,yulara,-25.2406,130.9889,78.64,50,100,9.35,AU,1669342328
475,bluffton,32.2371,-80.8604,66.27,89,100,0.0,US,1669342329
476,kadoma,34.7333,135.5833,60.78,48,8,3.33,JP,1669342329
477,sambava,-14.2667,50.1667,73.63,83,3,11.16,MG,1669342330
478,sao joao da barra,-21.6403,-41.0511,70.45,91,100,7.38,BR,1669342331
479,rio verde de mato grosso,-18.9181,-54.8442,78.17,49,14,2.48,BR,1669342103
480,vilhena,-12.7406,-60.1458,68.58,96,100,2.48,BR,1669342332
481,ponta delgada,37.7333,-25.6667,63.32,77,40,12.66,PT,1669342332
482,tamiahua,21.2667,-97.45,73.99,92,61,9.35,MX,1669342333
483,hanzhong,33.0728,107.0303,55.45,77,0,1.25,CN,1669342333
484,itainopolis,-7.4469,-41.4783,82.62,51,100,2.1,BR,1669342334
485,angoche,-16.2325,39.9086,75.24,86,0,6.98,MZ,1669342334
486,kushmurun,52.4503,64.6311,21.02,91,100,21.54,KZ,1669342335
487,ternate,0.8,127.4,85.24,66,90,2.13,ID,1669342335
488,gubkinskiy,64.434,76.5026,-29.49,97,7,7.72,RU,1669342336
489,whitehorse,60.7161,-135.0538,24.82,76,100,15.01,CA,1669342250
490,bundibugyo,0.7414,30.0417,67.19,91,100,1.7,UG,1669342337
491,gotsu,35.0,132.2167,59.86,56,82,2.33,JP,1669342337
492,greensburg,40.3015,-79.5389,49.24,65,0,0.0,US,1669342138
493,gazojak,41.1875,61.4036,44.35,59,0,7.87,TM,1669342338
494,sorland,67.667,12.6934,39.06,68,20,15.41,NO,1669342339
495,tombouctou,20.0,-3.0,70.59,12,100,10.09,ML,1669342340
496,erzin,36.9559,36.2,55.85,82,69,4.29,TR,1669342340
497,uzhur,55.3036,89.8339,1.38,84,100,2.91,RU,1669342341
498,moerai,-22.4333,-151.3333,73.42,70,65,16.08,PF,1669342341
499,oranjemund,-28.55,16.4333,58.26,84,2,15.48,NA,1669342343
500,harwich,51.9419,1.2844,50.25,85,3,8.99,GB,1669342343
501,safakulevo,54.9901,62.5442,9.82,87,100,12.33,RU,1669342344
502,springbok,-29.6643,17.8865,49.42,75,24,3.33,ZA,1669342344
503,nisia floresta,-6.0911,-35.2086,79.61,85,22,6.6,BR,1669342345
504,locri,38.2414,16.2623,57.56,84,30,5.08,IT,1669342345
505,makakilo city,21.3469,-158.0858,75.52,56,0,20.71,US,1669342346
506,kudahuvadhoo,2.6708,72.8944,81.07,77,38,15.35,MV,1669342346
507,lagoa,39.05,-27.9833,62.22,77,100,31.72,PT,1669342347
508,waingapu,-9.6567,120.2641,85.95,65,93,6.93,ID,1669342347
509,kalmunai,7.4167,81.8167,79.12,77,90,1.74,LK,1669342348
510,axim,4.8699,-2.2405,78.1,82,6,4.34,GH,1669342348
511,caninde,-4.3589,-39.3117,76.53,70,37,3.15,BR,1669342349
512,ratnapura,6.6828,80.3992,78.28,78,55,1.59,LK,1669342350
513,kemin,42.7846,75.6892,38.7,56,0,5.06,KG,1669342350
514,nhulunbuy,-12.2333,136.7667,92.01,55,40,14.97,AU,1669342351
515,chifeng,42.2683,118.9636,36.19,27,0,23.17,CN,1669342351
516,esna,25.2934,32.554,61.7,39,0,7.47,EG,1669342351
517,amga,60.8953,131.9608,-27.6,100,100,0.4,RU,1669342352
518,pangkalanbuun,-2.6833,111.6167,82.69,76,100,2.46,ID,1669342353
519,zvishavane,-20.3267,30.0665,70.9,53,95,1.43,ZW,1669342353
520,tukrah,32.5341,20.5791,65.16,66,0,12.46,LY,1669342354
521,nanortalik,60.1432,-45.2371,30.6,65,100,6.17,GL,1669342354
522,marawi,7.9986,124.2928,81.46,62,99,2.33,PH,1669342355
523,ambilobe,-13.2,49.05,73.15,74,1,4.65,MG,1669342355
524,prince rupert,54.3161,-130.3201,42.89,93,100,10.36,CA,1669342356
525,conceicao do araguaia,-8.2578,-49.2647,73.17,95,100,1.43,BR,1669342200
526,methoni,36.8197,21.7049,52.21,66,2,21.45,GR,1669342356
527,grindavik,63.8424,-22.4338,45.07,76,100,18.41,IS,1669342357
528,neuruppin,52.9282,12.8031,36.99,95,99,3.69,DE,1669342357
529,safita,34.8205,36.1153,56.37,89,100,7.11,SY,1669342358
530,wakkanai,45.4094,141.6739,38.82,66,58,5.59,JP,1669342358
531,biltine,14.5333,20.9167,69.91,19,2,12.77,TD,1669342359
532,nasturelu,43.6667,25.4667,46.33,72,100,16.93,RO,1669342359
533,santa isabel do rio negro,-0.4139,-65.0192,76.6,81,52,1.48,BR,1669342360
534,acapulco,16.8634,-99.8901,82.22,78,0,3.44,MX,1669342112
535,bardiyah,31.7561,25.0865,62.83,78,0,13.24,LY,1669342361
536,bronnoysund,65.4625,12.1997,37.4,70,20,21.0,NO,1669342361
537,olinda,-8.0089,-34.8553,80.33,74,75,9.22,BR,1669342362
538,brandon,27.9378,-82.2859,72.03,83,0,1.99,US,1669342243
539,requena,39.4883,-1.1004,56.52,87,100,11.95,ES,1669342362
540,gornopravdinsk,60.05,69.9,-11.58,95,12,6.06,RU,1669342363
541,bethanien,-26.502,17.1583,59.49,46,0,3.09,NA,1669342363
542,garbolovo,60.3413,30.4955,20.84,90,57,4.52,RU,1669342363
543,boende,-0.2167,20.8667,72.93,92,98,0.83,CD,1669342364
544,shimoda,34.6667,138.95,60.1,62,24,12.57,JP,1669342365
545,matamoros,25.5333,-103.25,78.91,18,40,6.91,MX,1669342239
546,kijang,35.2442,129.2139,60.06,43,100,6.26,KR,1669342365
547,koungou,-12.7336,45.2042,80.31,78,75,6.91,YT,1669342366
548,puerto boyaca,5.9758,-74.5885,73.15,95,99,1.23,CO,1669342366
549,lata,40.1629,-8.3327,54.91,92,95,2.95,PT,1669342366
550,igrim,63.1906,64.4162,-2.74,99,89,2.59,RU,1669342367
551,tawau,4.2498,117.8871,79.72,83,99,2.62,MY,1669342367
552,luderitz,-26.6481,15.1594,58.71,81,0,19.22,NA,1669342368
553,manono,-7.3,27.4167,67.23,95,88,1.05,CD,1669342368
554,kashan,33.9831,51.4364,56.48,30,100,0.09,IR,1669342369
555,lazaro cardenas,17.9583,-102.2,78.1,79,99,3.4,MX,1669342369
556,la rioja,42.25,-2.5,38.98,87,60,6.26,ES,1669342369
557,coahuayana,18.7333,-103.6833,74.57,90,67,1.57,MX,1669342370
558,palaikastron,35.2,26.25,62.55,60,0,16.69,GR,1669342371
559,pisco,-13.7,-76.2167,66.25,88,0,6.91,PE,1669342371
560,xiantao,30.3833,113.4,64.85,67,17,4.54,CN,1669342371
561,pitimbu,-7.4706,-34.8086,79.39,81,7,11.03,BR,1669342372
562,lindi,-10.0,39.7167,73.8,92,65,3.04,TZ,1669342373
563,bermeo,43.4209,-2.7215,53.8,90,100,9.75,ES,1669342373
564,teknaf,20.8624,92.3058,72.77,64,20,5.23,BD,1669342374
565,riosucio,5.4216,-75.7032,57.06,98,79,1.21,CO,1669342374
566,maniitsoq,65.4167,-52.9,23.07,56,100,4.61,GL,1669342375
567,zinacantan,16.75,-92.7,49.8,93,100,3.98,MX,1669342375
568,klaksvik,62.2266,-6.589,47.32,93,100,32.3,FO,1669342376
569,lagos,6.5833,3.75,75.45,89,42,3.4,NG,1669342376
570,batagay,67.6333,134.6333,-33.09,97,99,1.86,RU,1669342377
571,boyolangu,-8.1181,111.8935,79.27,79,100,0.94,ID,1669342377
572,hami,42.8,93.45,30.29,43,98,8.12,CN,1669342378
573,novoagansk,61.9449,76.6625,-25.71,97,7,7.56,RU,1669342378
574,inta,66.0317,60.1659,3.34,98,99,4.21,RU,1669342378
575,paysandu,-32.3214,-58.0756,70.81,46,6,2.86,UY,1669342379
